epoch,loss,acc,gt,rs,RSR,RSRw,prob_model,prob_mod_no
0,16.570859879255295,8.5,34,391,0.92,0.9228030288845169,-840.3921000792573,0.9865761553498703
1,14.9517801143229,76.87999725341797,3840,4,0.001040582726326743,0.001224094177486246,-202.70926080146086,0.029470438841192968
2,9.323335759836027,85.4800033569336,4273,1,0.0002339728591483388,0.00026916888778672507,-131.39033054179797,0.0170075418947801
3,15.302632439881563,81.0199966430664,4048,3,0.0007405578869414959,0.0007380034495908493,-161.84515423816052,0.022220668971597496
