epoch,loss,acc,gt,rs,RSR,RSRw,prob_model
0,0.9102492928504944,15.079364776611328,0,19,1.0,1.0,14.434990333354797
1,0.6329491138458252,57.93650817871094,1,72,0.9863013698630136,0.986805619524128,15.25152292388609
2,0.5937519967556,61.11111068725586,1,76,0.987012987012987,0.98753968837355,13.91032763959529
