epoch,loss,acc,gt,rs,RSR,RSRw,prob_model,prob_mod_no
0,16.570859879255295,8.5,34,391,0.92,0.9228030288845169,-840.3921000792573,0.9865761553498703
1,6.81895599141717,85.9000015258789,4293,2,0.00046565774155995343,0.0004088505327827982,-192.2101586184272,0.024727468429572286
2,11.057170316576958,82.23999786376953,4110,2,0.00048638132295719845,0.00044251191658226856,-142.44804537660755,0.01912563034390118
3,3.7719036716184746,95.12000274658203,4756,0,0.0,-0.0,-46.819719299782314,0.00543601381892823
