epoch,loss,acc,GAcc,gt,rs,RSR,RSRw,prob_model,prob_mod_no
0,16.585930183529854,8.34000015258789,12.93,38,379,0.9088729016786571,0.9125397595102914,-824.4219800917356,0.986543984416058
1,0.7578469067811966,96.83999633789062,98.41,4842,0,0.0,-0.0,-208.18671492827013,0.023901589749715357
2,0.5879449692947674,97.45999908447266,98.71,4873,0,0.0,-0.0,-146.1662664563683,0.01668195688046839
3,0.6587119854484627,97.19999694824219,98.6,4860,0,0.0,-0.0,-113.98136198753193,0.013040659002495665
