epoch,loss,acc,gt,rs,RSR,RSRw,prob_model,prob_mod_no
0,16.570859879255295,8.5,34,391,0.92,0.9228030288845169,-840.3921000792573,0.9865761553498703
1,5.974006580654532,86.73999786376953,4335,2,0.0004611482591653217,0.0005427884633913642,-168.23298943443362,0.021351894977450547
2,7.8463009363615015,86.33999633789062,4317,0,0.0,-0.0,-122.66483923106534,0.01565160864356165
3,7.85747210867703,86.33999633789062,4316,1,0.0002316423442205235,0.00027954167817062536,-104.77328081752349,0.013329770224343788
