epoch,loss,acc,gt,rs,RSR,RSRw,prob_model,prob_mod_no
0,16.570859879255295,8.5,34,391,0.92,0.9228030288845169,-840.3921000792573,0.9865761553498703
1,17.051760211586952,75.66000366210938,3778,5,0.0013217023526301878,0.0013990253162209135,-175.2239947691112,0.025398281560074006
2,8.703553494066,86.94000244140625,4345,2,0.00046008741660915573,0.0004033211587963385,-108.18765545711406,0.013729902920380992
3,8.013673652894795,90.18000030517578,4508,1,0.00022177866489243733,0.0001343083638729986,-89.8838856754966,0.010988551419044429
