epoch,loss,acc,gt,rs,RSR,RSRw,prob_model,prob_mod_no
0,98.4233358502388,8.046667098999023,180,2234,0.9254349627174814,0.928393333201212,-4776.124473463387,0.986540603070475
1,13.699156331829727,90.31999969482422,27080,16,0.000590493061706525,0.0006401067690764106,-3719.2087786738275,0.07614161882610118
2,9.627186985686421,93.13999938964844,27940,2,7.157683773530885e-05,7.685070367033554e-05,-2206.218637311818,0.04379763650874294
3,8.956742058275267,94.21666717529297,28262,3,0.00010613833362816204,0.00010756760071604954,-1317.471072364274,0.025857788525978892
