epoch,loss,acc,gt,rs,RSR,RSRw,prob_model,prob_mod_no
0,16.570859879255295,8.5,34,391,0.92,0.9228030288845169,-840.3921000792573,0.9865761553498703
1,40.4576610326767,37.47999954223633,0,1874,1.0,1.0,-371.2079751202426,0.0937099673480758
2,52.79560402035713,39.2400016784668,0,1962,1.0,1.0,-345.81214320335164,0.08339199863290621
3,34.17768356204033,44.7599983215332,0,2238,1.0,1.0,-480.66163999648154,0.10180760673448008
