epoch,loss,acc,gt,rs,RSR,RSRw,prob_model,prob_mod_no
0,0.49523718655109406,70.63491821289062,62,27,0.30337078651685395,0.29972347587895154,-60.44583539369353,0.5288107345503037
1,0.49523718655109406,70.63491821289062,62,27,0.30337078651685395,0.29972347587895154,-60.44583539369353,0.5288107345503037
2,0.49523718655109406,70.63491821289062,62,27,0.30337078651685395,0.29972347587895154,-60.44583539369353,0.5288107345503037
3,0.49523718655109406,70.63491821289062,62,27,0.30337078651685395,0.29972347587895154,-60.44583539369353,0.5288107345503037
4,0.49523718655109406,70.63491821289062,62,27,0.30337078651685395,0.29972347587895154,-60.44583539369353,0.5288107345503037
5,0.49523718655109406,70.63491821289062,62,27,0.30337078651685395,0.29972347587895154,-60.44583539369353,0.5288107345503037
