epoch,loss,acc,GAcc,gt,rs,RSR,RSRw,prob_model,prob_mod_no
0,16.570859879255295,8.5,12.93,34,391,0.92,0.9228030288845169,-840.3921000792573,0.9865761553498703
1,40.612452775239944,37.779998779296875,0.39,0,1889,1.0,1.0,-401.06822455567095,0.10045778458161943
2,52.68094542622566,40.18000030517578,0.79,0,2009,1.0,1.0,-348.5354462505364,0.08215235519219265
3,32.67819109559059,45.599998474121094,0.16,0,2280,1.0,1.0,-358.8158933350337,0.07450121231522054
