epoch,loss,acc,GAcc,gt,rs,RSR,RSRw,prob_model,prob_mod_no
0,16.570859879255295,8.5,12.93,34,391,0.92,0.9228030288845169,-840.3921000792573,0.9865761553498703
1,7.101885229349136,84.4800033569336,91.95,4222,2,0.0004734848484848485,0.0004164545641442405,-190.99618205142133,0.025028283344316483
2,8.538558240048587,85.0999984741211,92.3,4253,2,0.0004700352526439483,0.000554393827926977,-137.54770761416262,0.017830618061982488
3,4.935940672643483,93.41999816894531,96.64,4671,0,0.0,-0.0,-67.77845548694286,0.00800963039589452
