epoch,loss,acc,GAcc,gt,rs,RSR,RSRw,prob_model,prob_mod_no
2,0.15728455781936646,96.5,98.22333333333333,28947,3,0.00010362694300518135,0.00010927337668858357,-1161.1149801418346,0.022244704311141117
3,0.05239225551486015,97.11666870117188,98.54166666666667,29132,3,0.00010296893770379269,9.754568488046898e-05,-896.3479262192249,0.01706391237442405
4,0.07767290621995926,97.44666290283203,98.715,29234,0,0.0,-0.0,-715.7460764709405,0.013579042952774427
5,0.024221472442150116,97.97333526611328,98.98,29391,1,3.402286336418073e-05,3.671821373306035e-05,-565.3925740060566,0.01066863512969396
6,0.13319796323776245,98.18000030517578,99.08666666666667,29454,0,0.0,-0.0,-448.05847741033756,0.008435143431838125
7,0.02725517563521862,98.36000061035156,99.175,29507,1,3.3889114816320995e-05,3.9085404259266514e-05,-413.20876063403756,0.007766715788415501
8,0.02304863929748535,98.32666778564453,99.155,29497,1,3.390060343074107e-05,3.369612141564314e-05,-388.2939208942107,0.007302318937398694
9,0.02041643112897873,98.22000122070312,99.09833333333333,29465,1,3.393741939862893e-05,3.3723071678712643e-05,-323.92700642310183,0.006096696484033869
10,0.0001085619514924474,98.5199966430664,99.25333333333333,29556,0,0.0,-0.0,-269.1977685324262,0.005051400073456758
