epoch,loss,acc,GAcc,gt,rs,RSR,RSRw,prob_model,prob_mod_no
0,16.585930183529854,8.34000015258789,12.93,38,379,0.9088729016786571,0.9125397595102914,-824.4219800917356,0.986543984416058
1,0.7406785507919267,96.72000122070312,98.36,4836,0,0.0,-0.0,-201.85101806580943,0.02320684948913097
