epoch,loss,acc,GAcc,gt,rs,RSR,RSRw,prob_model,prob_mod_no
1,0.12545087933540344,81.07666778564453,87.65166666666667,24084,239,0.009826090531595609,0.010885805420198194,-4506.370808373513,0.10253114267424408
2,0.07462236285209656,95.26000213623047,97.605,28575,3,0.00010497585555322275,0.00012040429562608993,-1677.6149895294554,0.03246116117250419
