epoch,loss,acc,GAcc,gt,rs,RSR,RSRw,prob_model,prob_mod_no
1,0.027652284130454063,89.79666900634766,93.71,26828,111,0.004120420208619474,0.004579574956750924,-2890.809229414087,0.05953297550806375
