epoch,loss,acc,GAcc,gt,rs,RSR,RSRw,prob_model,prob_mod_no
0,147.55520272254944,8.279999732971191,14.85,30,384,0.927536231884058,0.9261316999942591,-873.4276392125919,0.9885863125314235
1,5.5477458238601685,95.72000122070312,97.86,4786,0,0.0,-0.0,-316.4189378506475,0.03682065711348605
2,4.944219127297401,96.19999694824219,98.08,4809,1,0.0002079002079002079,0.00022533902682972027,-205.82924193309566,0.023835304570881507
