epoch,loss,acc,gt,prob_model,prob_mod_no
1,0.19733518362045288,28.535512924194336,454,-511.133424469332,-1.1258445472892775
2,0.1053416058421135,63.29352569580078,1007,-758.3693415687438,-0.7530976579630028
3,0.06879065930843353,79.19547271728516,1260,-637.7914549885173,-0.5061836944353312
4,0.06399083137512207,84.78944396972656,1349,-574.4343832802065,-0.4258223745590856
5,0.07390811294317245,90.320556640625,1437,-485.442142985706,-0.3378163834277704
