epoch,loss,acc,gt,prob_model,prob_mod_no
1,0.2014119029045105,28.28409767150879,450,-507.17855152183506,-1.1270634478263002
2,0.11462432891130447,60.33940887451172,960,-736.4280488256313,-0.7671125508600326
3,0.081990547478199,78.94406127929688,1256,-650.2678455927312,-0.5177291764273337
4,0.06439264118671417,85.22941589355469,1356,-607.3116180627969,-0.4478699248250715
5,0.07328106462955475,89.06348419189453,1417,-449.4788202714978,-0.3172045308902596
