epoch,loss,acc,gt,prob_model,prob_mod_no
0,2.3307392299175262,7.017543792724609,24,-75.54259449188542,-3.1476081038285595
1,1.2495992928743362,46.198829650878906,158,-119.46373620328164,-0.7560995962233015
2,0.7340108901262283,76.90058135986328,263,-155.4416026190506,-0.5910327095781391
3,0.545567236840725,80.99414825439453,277,-122.38254674969907,-0.44181424819385945
4,0.5199377238750458,83.91812896728516,287,-107.50464305637318,-0.3745806378270843
5,0.37801947072148323,88.59648895263672,303,-101.98110975802548,-0.33657131933341744
