epoch,loss,acc,gt,prob_model,prob_mod_no
1,0.20141203701496124,28.28409767150879,450,-507.1787641044656,-1.1270639202321457
2,0.11466291546821594,60.33940887451172,960,-736.4153180387755,-0.7670992896237244
3,0.08191736042499542,78.88121032714844,1255,-649.4438686839146,-0.5174851543298125
4,0.06250955164432526,84.9780044555664,1352,-598.7556308308089,-0.44286659085118996
5,0.07638216018676758,89.25204467773438,1420,-453.7558529201442,-0.3195463752958762
