epoch,loss,acc,gt,prob_model,prob_mod_no
0,2.33073154091835,7.017543792724609,24,-75.54255980363148,-3.1476066584846447
1,1.2636572867631912,45.614036560058594,156,-113.7092114773262,-0.7289052017777321
2,0.7814620584249496,76.60818481445312,262,-182.62231763142444,-0.6970317466848261
3,0.5636319294571877,82.45613861083984,282,-155.61141866633807,-0.5518135413699932
4,0.43791862204670906,86.25730895996094,295,-96.4596844931411,-0.3269819813326817
5,0.3825470022857189,90.05847930908203,308,-113.21257962396987,-0.36757331046743463
