epoch,loss,acc,gt,prob_model,prob_mod_no
0,2.33073154091835,7.017543792724609,24,-75.54255980363148,-3.1476066584846447
1,1.2636587172746658,45.614036560058594,156,-113.70929819383097,-0.7289057576527627
2,0.7816644012928009,76.60818481445312,262,-182.70531098481266,-0.6973485152092086
3,0.5659081414341927,82.16374206542969,281,-155.42091021058658,-0.5530993245928348
4,0.43649791553616524,87.13450622558594,298,-101.14936798917704,-0.3394274093596545
5,0.36903079226613045,90.05847930908203,308,-115.29256855494413,-0.3743265212822861
