epoch,loss,acc,GAcc,gt,rs,RSR,RSRw,prob_model,prob_mod_no
0,3.1738851368427277,8.496731758117676,12.854030501089325,0,39,1.0,1.0,-122.75727506756452,0.9904245194252244
1,1.6394484639167786,47.49455261230469,44.517066085693536,8,210,0.963302752293578,1.0,-218.64100439327717,0.6738793282588955
2,0.9873936548829079,74.72766876220703,42.19317356572259,13,330,0.9620991253644315,0.9964461714502785,-210.14130697704041,0.35913785564153844
3,0.6555963419377804,84.31372833251953,45.751633986928105,18,369,0.9534883720930233,0.9905380903217124,-206.3796416857525,0.31302403232271614
4,0.5399717167019844,88.88888549804688,48.00290486564997,17,391,0.9583333333333334,0.9941141250479077,-166.770691556454,0.2360228495248469
5,0.4998486414551735,90.19607543945312,48.148148148148145,17,397,0.9589371980676329,0.9942665299526852,-170.36109230655484,0.23486118758078123
