epoch,loss,acc,GAcc,gt,rs,RSR,RSRw,prob_model,prob_mod_no
0,3.17388516664505,8.496731758117676,12.854030501089325,0,39,1.0,1.0,-122.75727511494202,0.9904245198074733
1,1.6407658755779266,47.27668762207031,44.66230936819172,8,209,0.9631336405529954,1.0,-216.61943566880464,0.6738705971219561
2,0.9891377612948418,75.16339874267578,42.120551924473496,13,332,0.9623188405797102,0.9964529749774217,-194.87747973544262,0.3324139116698743
3,0.7033963464200497,81.9172134399414,45.969498910675384,18,358,0.9521276595744681,0.9899796677334458,-174.08889534149597,0.27963093940917305
4,0.5184985212981701,89.54248046875,44.58968772694263,17,394,0.9586374695863747,0.9941657356932717,-163.19951811161096,0.22894346975117333
5,0.508670013397932,88.6710205078125,45.89687726942629,19,388,0.9533169533169533,0.9893369781835267,-176.83056169802637,0.2472973588094071
