epoch,loss,acc,GAcc,gt,rs,RSR,RSRw,prob_model,prob_mod_no
1,0.16175726056098938,29.658214569091797,44.87320837927233,48,490,0.9107806691449815,0.9901525828991856,-502.3673727179641,0.6914447262652177
2,0.19870658218860626,66.6482925415039,43.660418963616316,86,1123,0.9288668320926385,0.9789102903384267,-877.1662387715228,0.4352224066017878
3,0.034936923533678055,79.71334075927734,44.45056964351341,80,1366,0.9446749654218534,0.9919888879146733,-795.2207280419062,0.3169253954550952
4,0.04559384286403656,84.343994140625,45.2223447262036,85,1445,0.9444444444444444,0.990702795949311,-657.0929668985425,0.24482243874451187
5,0.12666413187980652,87.81697845458984,45.406100698272695,89,1504,0.9441305712492153,0.9881200470594289,-627.2842246029139,0.22398162316891804
