epoch,loss,acc,GAcc,gt,rs,RSR,RSRw,prob_model,prob_mod_no
0,3.17388516664505,8.496731758117676,12.854030501089325,0,39,1.0,1.0,-122.75727511494202,0.9904245198074733
1,1.640767216682434,47.27668762207031,44.66230936819172,8,209,0.9631336405529954,1.0,-216.6198809336785,0.6738719822742417
2,0.9889880046248436,75.16339874267578,42.120551924473496,13,332,0.9623188405797102,0.9964529749774217,-194.90712089375734,0.33246447232673004
3,0.6979065053164959,82.13507843017578,45.751633986928105,18,359,0.9522546419098143,0.9900525971310856,-176.39946419462,0.2812800938831253
4,0.5118091013282537,89.76034545898438,44.734931009440814,17,395,0.9587378640776699,0.9941755730691733,-162.57940596407758,0.22768898560380565
5,0.47805833630263805,90.4139404296875,45.53376906318083,19,396,0.9542168674698795,0.989512251203186,-179.4458209984913,0.24682973623816556
