epoch,loss,acc,GAcc,gt,rs,RSR,RSRw,prob_model,prob_mod_no
1,0.1617569923400879,29.658214569091797,44.87320837927233,48,490,0.9107806691449815,0.9901525828991856,-502.3672963491368,0.6914446211532503
2,0.19869962334632874,66.6482925415039,43.660418963616316,86,1123,0.9288668320926385,0.9789102903384267,-877.1907307285064,0.4352345587435252
3,0.03418448194861412,79.76847076416016,44.45056964351341,80,1367,0.944713199723566,0.9919990217463938,-795.4194185671164,0.31660357921986443
4,0.045653969049453735,84.50936889648438,45.31422271223815,86,1447,0.943900848010437,0.9899727968945244,-674.7492460931264,0.2502834609207572
5,0.11520536243915558,87.92723083496094,45.461227489893425,90,1505,0.9435736677115988,0.9873887965707598,-650.6535365595169,0.2321189988934382
