epoch,loss,acc,gt,prob_model,prob_mod_no
0,2.33073154091835,7.017543792724609,24,-75.54255980363148,-3.1476066584846447
1,1.2636579722166061,45.614036560058594,156,-113.70920561202902,-0.7289051641796732
2,0.7814581617712975,76.60818481445312,262,-182.61986727633249,-0.6970223941844751
3,0.5637024864554405,82.16374206542969,281,-154.80622909445253,-0.550911847311219
4,0.43812956288456917,86.25730895996094,295,-95.62876749620249,-0.3241653135464491
5,0.39263424277305603,89.76608276367188,307,-115.80609807972442,-0.37721856052027497
