epoch,loss,acc,gt,prob_model,prob_mod_no
0,2.33073154091835,7.017543792724609,24,-75.54255980363148,-3.1476066584846447
1,1.263658046722412,45.614036560058594,156,-113.70928518334696,-0.7289056742522241
2,0.7814747542142868,76.60818481445312,262,-182.6225090558339,-0.6970324773123431
3,0.5637255758047104,82.16374206542969,281,-154.78608628098883,-0.5508401647010278
4,0.4320355914533138,86.5497055053711,296,-98.65521249358981,-0.3332946368026683
5,0.3972531817853451,88.30409240722656,302,-111.53199714039407,-0.36931124880925187
