epoch,loss,acc,gt,prob_model,prob_mod_no
1,1.0918959379196167,28.28409767150879,450,-507.17854192951637,-1.1270634265100363
2,0.7529763579368591,60.33940887451172,960,-736.4235846535738,-0.767107900680806
3,0.4459594488143921,78.94406127929688,1256,-650.4123789555603,-0.5178442507607964
4,0.4948601722717285,85.16656494140625,1355,-603.3583323110591,-0.4452829020745824
5,0.47006702423095703,89.06348419189453,1417,-449.65770244594273,-0.31733077095691087
