epoch,loss,acc,gt,prob_model,prob_mod_no
1,1.0918954610824585,28.28409767150879,450,-507.1786278052288,-1.1270636173449529
2,0.7529839277267456,60.33940887451172,960,-736.4242178895578,-0.7671085603016227
3,0.4454396963119507,78.94406127929688,1256,-650.2846166518398,-0.5177425291814011
4,0.49781107902526855,85.16656494140625,1355,-607.7729525684963,-0.4485409244047943
5,0.4337366223335266,89.12633514404297,1418,-459.40030491149435,-0.3239776480334939
