epoch,loss,acc,GAcc,gt,rs,RSR,RSRw,prob_model,prob_mod_no
0,3.6805714666843414,8.061001777648926,3.2679738562091503,0,37,1.0,1.0,-105.45822218139496,0.9240679531784958
1,0.43774228962138295,92.1568603515625,52.21496005809731,56,367,0.8676122931442081,0.9189260879843599,-175.62586476274348,0.23089851099124312
2,0.278227592818439,94.11764526367188,51.19825708061002,56,376,0.8703703703703703,0.9194139960100315,-110.08135592593413,0.14385498584502474
3,0.20625848416239023,96.29629516601562,49.96368917937546,55,387,0.8755656108597285,0.9249257043442052,-88.49666927812657,0.11323932977396067
4,0.16784129198640585,97.16775512695312,48.87436456063907,54,392,0.8789237668161435,0.9276931159131477,-80.25708160602156,0.1013040891321276
5,0.14783773571252823,97.16775512695312,49.31009440813362,54,392,0.8789237668161435,0.9276931159131477,-75.06007342030111,0.09474419223666011
