epoch,loss,acc,gt,prob_model,prob_mod_no
1,0.06572947651147842,68.32180786132812,1087,-959.6368398325823,-0.8828305794227987
2,0.03737476095557213,93.77749633789062,1492,-593.9020825499198,-0.3980576960790347
3,0.02756863459944725,96.60591125488281,1537,-418.26999672508055,-0.2721340251952378
4,0.022736141458153725,97.61156463623047,1553,-311.5033589761019,-0.20058168639800508
5,0.015136165544390678,98.11439514160156,1561,-264.6243213017987,-0.16952230704791718
