epoch,loss,acc,gt,prob_model,prob_mod_no
0,2.5666179060935974,7.602339267730713,26,-72.81598580980992,-2.8006148388388428
1,0.44797085225582123,86.5497055053711,296,-168.31447168665372,-0.5686299719143707
2,0.24881504476070404,93.27485656738281,319,-89.22966779105306,-0.2797168269312008
3,0.15624602138996124,96.49122619628906,330,-74.0025868642429,-0.22425026322497849
4,0.1295270062983036,97.66082000732422,334,-59.37900880825231,-0.17778146349776142
5,0.11255459487438202,97.95321655273438,335,-56.35800810491488,-0.16823286001467128
