epoch,loss,acc,GAcc,gt,rs,RSR,RSRw,prob_model,prob_mod_no
1,0.17180389165878296,46.85777282714844,52.756339581036386,139,711,0.8364705882352941,0.8961790128796365,-1117.84698083844,0.8079857135447404
2,0.11800113320350647,79.93384552001953,48.015435501653805,100,1350,0.9310344827586207,0.9769880459210445,-1588.0618759822828,0.6049560617204485
3,0.0910349190235138,84.7298812866211,46.67401690554943,81,1456,0.9472999349381913,0.9929432622850825,-1243.4701479200407,0.4480656742841326
4,0.0726098045706749,86.60418701171875,45.681734656376335,73,1498,0.9535327816677276,0.9969236163072744,-1046.710966360713,0.36741955450812175
5,0.07865919172763824,88.91951751708984,45.71848585079015,78,1535,0.9516429014259145,0.9969968025900199,-936.8066120282807,0.32101758221113863
