epoch,loss,acc,GAcc,gt,rs,RSR,RSRw,prob_model,prob_mod_no
0,3.1180636882781982,7.407407283782959,18.445896877269426,0,34,1.0,1.0,-85.62102371144782,0.9491544723531766
1,1.2881762087345123,77.34204864501953,47.712418300653596,21,334,0.9408450704225352,0.9846274245955394,-460.39856908157793,0.7129410922633007
2,0.9361492618918419,83.22440338134766,46.25998547567175,18,364,0.9528795811518325,0.9871746088378217,-356.26693153517607,0.5213641011366971
3,0.7946800552308559,85.18518829345703,43.71822803195352,16,375,0.959079283887468,0.9941817865968735,-292.94821462730584,0.409830042009664
4,0.6557374447584152,87.58169555664062,46.91358024691358,17,385,0.9577114427860697,0.9961055994730991,-243.7980375026957,0.3424406938151696
5,0.5856588818132877,90.19607543945312,47.27668845315904,18,396,0.9565217391304348,0.9940238865175706,-232.9298927439011,0.31766476759246115
