epoch,loss,acc,GAcc,gt,rs,RSR,RSRw,prob_model,prob_mod_no
0,2.928753226995468,10.239651679992676,37.10965867828613,0,47,1.0,1.0,-142.17998181267174,0.9764928262695274
1,2.5331512838602066,17.211328506469727,38.198983297022515,0,79,1.0,1.0,-82.40839918720155,0.6905602298142647
2,2.2443370521068573,17.86492347717285,45.243282498184456,2,80,0.975609756097561,1.0,-88.84991194257401,0.6426024540468556
3,2.0368531197309494,26.797386169433594,52.069716775599126,12,111,0.9024390243902439,1.0,-115.48040838289397,0.6640786867717103
4,1.9806399494409561,37.4727668762207,41.61220043572985,6,166,0.9651162790697675,0.995655000661177,-223.149009338941,0.6994057865556423
5,1.6036354452371597,49.01960754394531,47.930283224400874,15,210,0.9333333333333333,0.9957063408100425,-178.5913644318514,0.5531368190233551
