epoch,loss,acc,GAcc,gt,rs,RSR,RSRw,prob_model,prob_mod_no
1,0.16166353225708008,29.658214569091797,44.89158397647923,48,490,0.9107806691449815,0.9901525828991856,-502.34424272704376,0.6914128907776662
2,0.20168180763721466,66.81367492675781,43.6236677692025,86,1126,0.929042904290429,0.9790262563671586,-883.6144584195099,0.4360110602816855
3,0.038753557950258255,79.49283599853516,44.50569643513414,80,1362,0.9445214979195562,0.9927753918579124,-840.6114063035025,0.33698515212920704
4,0.03701097145676613,84.61962890625,46.45350973906652,87,1448,0.9433224755700326,0.9891775168707614,-729.5044326443746,0.2711940152045636
5,0.1247551441192627,88.86438751220703,46.50863653068725,89,1523,0.9447890818858561,0.98825372495069,-673.3345590182578,0.2377192617556423
