epoch,loss,acc,GAcc,gt,rs,RSR,RSRw,prob_model,prob_mod_no
1,0.1617569923400879,29.658214569091797,67.30981256890848,48,490,0.9107806691449815,0.9006018822005541,-721.6326599498459,0.6866540594947368
2,0.19939270615577698,66.8687973022461,65.46306504961412,86,1127,0.9291014014839242,0.9186970154527213,-827.8746816374518,0.3883888020762181
3,0.035235289484262466,80.09922790527344,66.64829106945976,81,1372,0.9442532690984171,0.9324756359578997,-685.1138581868178,0.2714492630435629
4,0.04578666016459465,84.343994140625,67.86108048511576,87,1443,0.9431372549019608,0.9324800633092185,-542.768187682646,0.20381840695536907
5,0.12492644786834717,86.93495178222656,67.86108048511576,90,1487,0.9429296131896006,0.9324785378752458,-503.2294467254185,0.18389245091768033
