epoch,loss,acc
1,0.18593962490558624,31.477397918701172
2,0.21288016438484192,66.70341491699219
3,0.07062108814716339,80.65049743652344
4,0.05899458006024361,84.78500366210938
5,0.10004276782274246,89.74641418457031
