epoch,loss,acc
1,0.2295704185962677,24.638591766357422
2,0.14506739377975464,63.042110443115234
3,0.10620814561843872,77.30986785888672
4,0.08833175897598267,84.852294921875
5,0.11730474978685379,89.12633514404297
