epoch,loss,acc,GAcc,gt,rs,RSR,RSRw,prob_model,prob_mod_no
1,0.18594075739383698,31.477397918701172,66.89636163175304,62,509,0.8914185639229422,0.8960957943870563,-953.5077719678546,0.7921014894352477
2,0.21294957399368286,66.70341491699219,77.09481808158765,141,1069,0.8834710743801653,0.8827368667329017,-1186.0374032141972,0.5294865725627684
3,0.07009720057249069,80.81587982177734,80.54024255788313,195,1271,0.8669849931787176,0.8665422571319319,-987.4580264603927,0.37902718449021783
4,0.06095734238624573,84.28886413574219,82.05622932745314,214,1315,0.8600392413342054,0.8583540926753741,-792.7184350602738,0.29774968431831866
5,0.09857553243637085,89.80154418945312,83.9856670341786,269,1360,0.8348680171884592,0.8342701596526803,-658.4134640767351,0.234188718107677
